{"('0', '2', '0000')": [1.9998737736966916, -2.220446049250313e-16, 1.9999999999999996, -2.220446049250313e-16], "('0', '2', '0001')": [1.8866101870704757, -2.2252251518133226e-16, 1.9999999999999996, -0.973], "('0', '2', '0010')": [1.9999999999999996, -2.2204460537092567e-16, -0.7, 0], "('0', '2', '0011')": [1.9999999999999996, 0, 0, 0], "('0', '2', '0100')": [1.607965650113547, -1.0, 1.9999999999999996, -2.220446049250313e-16], "('0', '2', '0101')": [1.9999999999999996, 0, 1.607999999223796, 0], "('0', '2', '0110')": [1.9999999999999996, 0, -0.7, 0], "('0', '2', '0111')": [1.9999999999419156, 0, 0, 0], "('0', '2', '1000')": [-0.7, -2.220446049250313e-16, 1.9999999999999996, 0], "('0', '2', '1001')": [-0.7, -2.220446049250313e-16, 1.9999999999999996, 0], "('0', '2', '1010')": [-1.0, -1.475565, -1.0, -1.155], "('0', '2', '1011')": [-1.0, -1.155, -1.0, -1.0], "('0', '2', '1100')": [-0.7, -0.7, 1.9069886490390546, 0], "('0', '2', '1101')": [-0.7, -0.7, 1.9999999999999996, 0], "('0', '2', '1110')": [-1.0, -1.0, -1.0, -1.1550235114096827], "('0', '2', '1111')": [-0.9999999999895397, -0.9999999999651321, -0.9999999999651321, -0.9999999999651321], "('0', '3', '0000')": [1.9999999999999996, -2.220446049250313e-16, -2.220446049250313e-16, 1.9999849268420997], "('0', '3', '0001')": [1.9999999999999996, -2.0206059048177847e-16, -2.2203003657850217e-16, -0.7], "('0', '3', '0010')": [1.9999999999999996, -2.220446049250313e-16, -0.9919, 1.6079999999999797], "('0', '3', '0011')": [1.9999999999999996, 0, 0, 0], "('0', '3', '0100')": [1.8238026457876175, -1.0, -2.220446049250313e-16, 1.9999999999999996], "('0', '3', '0101')": [1.9999999999999996, 0, 0, 0], "('0', '3', '0110')": [1.5451850379898224, 0, -0.7, 1.9999999999999996], "('0', '3', '0111')": [1.9999999999999996, 0, 0, 0], "('0', '3', '1000')": [-0.973, -0.04937906990660951, -2.2204460463828254e-16, 1.9069886490033758], "('0', '3', '1001')": [-1.0, -1.4549940951, -1.2247221366728613, -1.0], "('0', '3', '1010')": [-0.7, -0.9099999999999999, -0.7, 1.9999999999999996], "('0', '3', '1011')": [-1.0, -1.3108629500793316, -1.0, -1.0], "('0', '3', '1100')": [-0.7, -0.7, -2.220446049250313e-16, 1.9999999999999996], "('0', '3', '1101')": [-1.0, -1.0, -1.2721382551022857, -1.0], "('0', '3', '1110')": [-0.7, -0.7, -0.7, 1.9999999999999996], "('0', '3', '1111')": [-0.9999999956953279, -0.9999999956953279, -0.999999985651093, -0.999999985651093], "('0', 'NA', '0000')": [1.9999999999999996, -2.220446049250313e-16, -2.220446049250313e-16, -2.220446049250313e-16], "('0', 'NA', '0001')": [1.9999999999999996, 0, 0, 0], "('0', 'NA', '0010')": [1.9999999999999996, -1.0, -0.7, -2.220446049250313e-16], "('0', 'NA', '0011')": [1.9999999999999996, 0, 0, 0], "('0', 'NA', '0100')": [1.9999999999999996, -0.973, -2.220446049250313e-16, -0.0003518793460692074], "('0', 'NA', '0101')": [1.9999999999999996, 0, 0, 0], "('0', 'NA', '0110')": [1.9999999999999996, 0, 0, 0], "('0', 'NA', '0111')": [1.9999999999582783, 0, 0, 0], "('0', 'NA', '1000')": [-0.7, -1.0, -0.6418657755238213, -4.1417770060430834e-07], "('0', 'NA', '1001')": [-0.7, -0.9099999999999999, -1.7048747302794714e-13, -0.7], "('0', 'NA', '1010')": [-0.9919, -1.1366898865177242, -0.9919, -1.5034082867515508e-12], "('0', 'NA', '1011')": [-0.99999822853, -1.0001610043928746, -0.99999822853, -0.9999940950999999], "('0', 'NA', '1100')": [-0.9997813, -0.9997813, -0.0003814865346797158, -1.45005], "('0', 'NA', '1101')": [-1.0, -1.0, -1.4705156547187654, -1.0], "('0', 'NA', '1110')": [-0.7, -0.7, -0.7, -3.031413719870972e-08], "('0', 'NA', '1111')": [-0.973, -0.9099999999999999, -0.9099999999999999, -0.9099999999999999], "('1', '2', '0000')": [-2.220446049250313e-16, 1.9666077926681291, 1.9999999999999996, -2.220446049250313e-16], "('1', '2', '0001')": [-2.220446049250313e-16, 1.9999999999999996, 1.7499982916570584, -0.999999468559], "('1', '2', '0010')": [-2.220446049250313e-16, 1.9999999999999996, -0.9997813, -2.220446049250313e-16], "('1', '2', '0011')": [-2.220446049250313e-16, 1.9999999999999996, 0, 0], "('1', '2', '0100')": [-2.2204460492508426e-16, -0.973, 1.9999999999999996, 0], "('1', '2', '0101')": [-0.9099999999999999, -0.7, 1.9999999999999996, 0], "('1', '2', '0110')": [-1.155000035926568, -1.0, -1.0, -1.0890734151036687], "('1', '2', '0111')": [-1.1568577981661687, -1.0, -1.0, -1.0], "('1', '2', '1000')": [-0.9999999999999993, 1.9999999999999996, 1.8978201371030963, -0.0761460000000001], "('1', '2', '1001')": [-0.7, 1.9999999999999996, 0, 0], "('1', '2', '1010')": [-0.7, 1.9999999999999996, 0, 0], "('1', '2', '1011')": [-0.7, 1.9999999999999996, 0, 0], "('1', '2', '1100')": [-0.7, -0.7, 1.999999999317533, 0], "('1', '2', '1101')": [-0.7, -0.7, 1.9999999999197908, 0], "('1', '2', '1110')": [-1.0, -1.0, -1.0, -1.1550000000005196], "('1', '2', '1111')": [-0.9999999999895397, -0.9999999999895397, -0.9999999999651321, -0.9999999999651321], "('1', '3', '0000')": [-2.220446049250313e-16, 1.989035204795742, -2.220446049250313e-16, 1.9999999999999996], "('1', '3', '0001')": [-2.220446049402522e-16, 1.9999999999999996, -2.220446049250313e-16, -0.973], "('1', '3', '0010')": [-2.220446049250313e-16, 1.9999999999999996, -0.973, 1.88461538461464], "('1', '3', '0011')": [-0.973, 1.9999999999999787, 0, -0.7], "('1', '3', '0100')": [-0.0022113020563333014, -0.9099999999999999, -2.220446049250313e-16, 1.9999999999999996], "('1', '3', '0101')": [-1.2865962136125002, -1.0, -1.3115405150533068, -1.0], "('1', '3', '0110')": [-0.9099999999999999, -0.7, -0.7, 1.9999999999999996], "('1', '3', '0111')": [-1.3038480023740227, -1.0, -1.0, -1.0], "('1', '3', '1000')": [-1.0, 1.9999999999999996, -2.220446049250313e-16, 1.9665844654772193], "('1', '3', '1001')": [-0.7, 1.9999999999996203, 0, 0], "('1', '3', '1010')": [-0.9099999999999999, 1.9999999999999996, 0, 1.7136827269504211], "('1', '3', '1011')": [-0.7, 1.9999999999999996, 0, 0], "('1', '3', '1100')": [-0.7, -0.7, -2.220446049250313e-16, 1.9999999999999996], "('1', '3', '1101')": [-1.0, -1.0, -1.2314400037754587, -1.0], "('1', '3', '1110')": [-0.7, -0.7, -0.7, 1.9999999999999996], "('1', '3', '1111')": [-0.9999999998837739, -0.9999999998837739, -0.9999999998837739, -0.9999999996125795], "('1', 'NA', '0000')": [-2.220446049250313e-16, 1.9999999999999996, -2.220446049250313e-16, -2.220446049250313e-16], "('1', 'NA', '0001')": [-0.973, 1.9999999999999996, -2.2204329377384367e-16, -0.7], "('1', 'NA', '0010')": [0, 1.9999999999999996, -0.7, -2.2204675430880917e-16], "('1', 'NA', '0011')": [-0.973, 1.9999999999999996, 0, 0], "('1', 'NA', '0100')": [-1.428, -1.0, -1.4225325722962032, -1.0], "('1', 'NA', '0101')": [-1.4549999999999998, -1.0, -1.3372146457075016, -1.0], "('1', 'NA', '0110')": [-1.3404375265084931, -1.0, -1.0, -1.1024694422328125], "('1', 'NA', '0111')": [-1.40595, -0.99999822853, -0.9999940950999999, -0.9999940950999999], "('1', 'NA', '1000')": [-0.9997813, 1.9999999999999996, -2.220446049250313e-16, -2.220446049250313e-16], "('1', 'NA', '1001')": [-0.7, 1.9999999999999996, 0, 0], "('1', 'NA', '1010')": [-0.7, 1.9999999999999996, 0, 0], "('1', 'NA', '1011')": [-0.7, 1.9999999999999996, 0, 0], "('1', 'NA', '1100')": [-1.0, -1.0, -1.31275784989125, -1.2915000073718916], "('1', 'NA', '1101')": [-0.7, -0.7, -4.90718576884337e-13, -0.7], "('1', 'NA', '1110')": [-0.7, -0.7, -0.7, -1.176836406102666e-14], "('1', 'NA', '1111')": [-0.973, -0.973, -0.973, -0.9099999999999999], "('NA', '2', '0000')": [-2.220446049250313e-16, -2.220446049250313e-16, 1.9999999999999996, -2.220446049250313e-16], "('NA', '2', '0001')": [-2.220446049250313e-16, -2.220446049250313e-16, 1.9999999999999996, -0.9999999987085983], "('NA', '2', '0010')": [-2.2447782337436757e-10, -0.39200000001573865, -0.7, -1.0], "('NA', '2', '0011')": [-1.291800270931148, -1.3177747979969487, -1.0, -1.0], "('NA', '2', '0100')": [-2.220497238837623e-16, -0.9099999999999999, 1.9999628310857833, 0], "('NA', '2', '0101')": [-2.2203003657850217e-16, -0.7, 1.9999999999999996, 0],