{"('0', '2', '0000')": [1.9998737736966916, -2.220446049250313e-16, 10.000007339270201, -2.220446049250313e-16], "('0', '2', '0001')": [10.000396659690104, -2.2252251518133226e-16, 1.9991108767019696, -0.973], "('0', '2', '0010')": [10.119757605180283, -2.2204460537092567e-16, -0.7, 0], "('0', '2', '0011')": [10.002476883191513, 0, 0, 0], "('0', '2', '0100')": [10.000002791018687, -1.0, 1.9966154882744829, -2.220446049250313e-16], "('0', '2', '0101')": [10.000001395509344, 0, 1.9672747222664224, 0], "('0', '2', '0110')": [10.000000113243704, 0, -0.7, 0], "('0', '2', '0111')": [10.000000454166557, 0, 0, 0], "('0', '2', '1000')": [-0.7, -2.220446049250313e-16, 10.000198329845052, 0], "('0', '2', '1001')": [-0.7, -2.220446049250313e-16, 10.000005478570793, 0], "('0', '2', '1010')": [-10.0, -12.814126825007943, -10.0, -10.454791174694295], "('0', '2', '1011')": [-10.0, -11.202392574373693, -10.0, -10.0], "('0', '2', '1100')": [-0.7, -0.7, 10.000000458216594, 0], "('0', '2', '1101')": [-0.7, -0.7, 10.000004883243435, 0], "('0', '2', '1110')": [-9.999995057598701, -9.999983525329, -9.999983525329, -10.388465033878651], "('0', '2', '1111')": [-9.999999998837739, -9.999999998837739, -9.999999998837739, -9.999999996125796], "('0', '3', '0000')": [1.999997794535978, -2.220446049250313e-16, -2.220446049250313e-16, 10.001426604673174], "('0', '3', '0001')": [10.001300028221792, -2.0206059048177847e-16, -2.2203003657850217e-16, -0.7], "('0', '3', '0010')": [1.9923829040388883, -2.220446049250313e-16, -0.9919, 10.001535168944498], "('0', '3', '0011')": [10.000000090098187, 0, 0, 0], "('0', '3', '0100')": [10.00260005644358, -1.0, -2.220446049250313e-16, 1.9999920128283897], "('0', '3', '0101')": [6.467278461503795, 0, 0, 0], "('0', '3', '0110')": [10.000000019199636, 0, -0.7, 1.9999978452815377], "('0', '3', '0111')": [10.016431561851569, 0, 0, 0], "('0', '3', '1000')": [-0.973, -0.04937906990660951, -2.2204460463828254e-16, 10.00076758447225], "('0', '3', '1001')": [-10.0, -11.633168832426753, -10.425521525102402, -10.0], "('0', '3', '1010')": [-0.7, -0.9099999999999999, -0.7, 3.7742246831460227], "('0', '3', '1011')": [-10.0, -12.494780556410767, -10.0, -10.0], "('0', '3', '1100')": [-0.7, -0.7, -2.9999999905572428, 7.121420051713841], "('0', '3', '1101')": [-10.0, -10.0, -10.429630379890817, -10.0], "('0', '3', '1110')": [-0.7, -0.7, -0.7, 10.000000000097842], "('0', '3', '1111')": [-9.999816948100001, -9.99980317, -9.99980317, -9.99980317], "('0', 'NA', '0000')": [11.694866068789818, -2.220446049250313e-16, -2.220446049250313e-16, -2.220446049250313e-16], "('0', 'NA', '0001')": [10.000000002827983, 0, 0, 0], "('0', 'NA', '0010')": [10.056841943915808, -1.0, -0.7, -2.220446049250313e-16], "('0', 'NA', '0011')": [10.087069495917687, 0, 0, 0], "('0', 'NA', '0100')": [10.113683887831616, -0.973, -2.220446049250313e-16, -0.0003518793460692074], "('0', 'NA', '0101')": [10.174138991835374, 0, 0, 0], "('0', 'NA', '0110')": [10.047310681264467, 0, 0, 0], "('0', 'NA', '0111')": [10.00000180419352, 0, 0, 0], "('0', 'NA', '1000')": [-7.21, -9.580193362541156, -2.9975832966223086, -9.947807989076034], "('0', 'NA', '1001')": [-10.0, -10.257877006563763, -10.223062049422154, -10.0], "('0', 'NA', '1010')": [-7.21, -9.62140449062693, -7.0, -2.98476683771076], "('0', 'NA', '1011')": [-9.99980317, -11.236149180976385, -9.99980317, -9.999343900000001], "('0', 'NA', '1100')": [-7.21, -7.21, -4.5468489055416335, -7.465953234490044], "('0', 'NA', '1101')": [-10.0, -10.0, -11.183518477131926, -10.0], "('0', 'NA', '1110')": [-9.999983525329, -9.999945084430001, -9.9999822853, -11.240038136139606], "('0', 'NA', '1111')": [-9.73, -9.100000000000001, -9.100000000000001, -9.100000000000001], "('1', '2', '0000')": [-2.220446049250313e-16, 10.000345827468832, 1.9999999979706686, -2.220446049250313e-16], "('1', '2', '0001')": [-2.220446049250313e-16, 10.1921458522466, 1.9997149757435833, -0.999999468559], "('1', '2', '0010')": [-2.220446049250313e-16, 10.38001648424379, -0.9997813, -2.220446049250313e-16], "('1', '2', '0011')": [-2.220446049250313e-16, 10.00000000076514, 0, 0], "('1', '2', '0100')": [-2.2204460492508426e-16, -0.973, 10.0960729261233, 0], "('1', '2', '0101')": [-0.9099999999999999, -0.7, 10.000307670079916, 0], "('1', '2', '0110')": [-10.416946374176675, -10.0, -10.0, -12.55090988249037], "('1', '2', '0111')": [-12.80134740259247, -10.0, -10.0, -10.0], "('1', '2', '1000')": [-0.9999999999999993, 10.000020663517404, 1.9999898743042233, -0.0761460000000001], "('1', '2', '1001')": [-0.7, 10.384291704493203, 0, 0], "('1', '2', '1010')": [-0.7, 10.001179016001988, 0, 0], "('1', '2', '1011')": [-0.7, 10.0, 0, 0], "('1', '2', '1100')": [-0.7, -0.7, 10.000153835039956, 0], "('1', '2', '1101')": [-0.7, -0.7, 10.000011985421253, 0], "('1', '2', '1110')": [-10.0, -10.0, -10.0, -11.6459499999953], "('1', '2', '1111')": [-10.0, -10.0, -10.0, -10.0], "('1', '3', '0000')": [-2.220446049250313e-16, 1.9999999998476756, -2.220446049250313e-16, 10.02778134537397], "('1', '3', '0001')": [-2.220446049402522e-16, 10.00012375226199, -2.220446049250313e-16, -0.973], "('1', '3', '0010')": [-2.220446049250313e-16, 1.9994855250862869, -0.973, 10.000000384251184], "('1', '3', '0011')": [-0.973, 10.022190046152797, 0, -0.7], "('1', '3', '0100')": [-0.0022113020563333014, -0.9099999999999999, -2.220446049250313e-16, 8.252538410795445], "('1', '3', '0101')": [-11.328079501802284, -10.0, -11.13210050569506, -10.0], "('1', '3', '0110')": [-0.9099999999999999, -0.7, -0.7, 6.505076821598508], "('1', '3', '0111')": [-10.46363897411727, -10.0, -10.0, -10.0], "('1', '3', '1000')": [-1.0, 1.9997915728435856, -2.220446049250313e-16, 10.000301419405563], "('1', '3', '1001')": [-0.7, 9.649547270702593, 0, 0], "('1', '3', '1010')": [-0.9099999999999999, 10.000274096310926, 0, 1.9999606339999998], "('1', '3', '1011')": [-0.7, 10.015200389182993, 0, 0], "('1', '3', '1100')": [-0.7, -0.7, -2.220446049250313e-16, 8.990599447497603], "('1', '3', '1101')": [-10.0, -10.0, -11.648785, -10.0], "('1', '3', '1110')": [-0.7, -0.7, -0.7, 7.824439503039254], "('1', '3', '1111')": [-9.999998405677001, -9.99999468559, -9.99999468559, -9.99999468559], "('1', 'NA', '0000')": [-2.220446049250313e-16, 10.660285615603152, -2.220446049250313e-16, -2.220446049250313e-16], "('1', 'NA', '0001')": [-0.973, 10.085790537598415, -2.2204329377384367e-16, -0.7], "('1', 'NA', '0010')": [0, 10.00591059261608, -0.7, -2.2204675430880917e-16], "('1', 'NA', '0011')": [-0.973, 10.004208605917384, 0, 0], "('1', 'NA', '0100')": [-8.7112662861481, -7.21, -2.9999888533957, -6.146953667669111], "('1', 'NA', '0101')": [-12.542192455277942, -10.0, -10.767883744222397, -10.0], "('1', 'NA', '0110')": [-8.765476301825604, -7.273, -7.273, -2.3666512466481846], "('1', 'NA', '0111')": [-10.657458193891944, -9.99999985651093, -9.999999521703101, -9.999999521703101], "('1', 'NA', '1000')": [-0.9997813, 10.000978534957978, -2.220446049250313e-16, -2.220446049250313e-16], "('1', 'NA', '1001')": [-0.7, 10.008417211834766, 0, 0], "('1', 'NA', '1010')": [-0.7, 10.085790112010377, 0, 0], "('1', 'NA', '1011')": [-0.7, 10.00000000003794, 0, 0], "('1', 'NA', '1100')": [-10.0, -10.0, -11.221769088464066, -12.382967878774584], "('1', 'NA', '1101')": [-10.0, -10.0, -11.314063358612279, -10.0], "('1', 'NA', '1110')": [-7.0, -7.0, -7.0, -2.9997971828212187], "('1', 'NA', '1111')": [-9.73, -9.73, -9.100000000000001, -9.100000000000001], "('NA', '2', '0000')": [-2.220446049250313e-16, -2.220446049250313e-16, 10.03071234993633, -2.220446049250313e-16], "('NA', '2', '0001')": [-2.220446049250313e-16, -2.220446049250313e-16, 10.000038347268493, -0.9999999987085983], "('NA', '2', '0010')": [-2.999820055662912, -3.2014664219844815, -7.21, -9.497870373194207], "('NA', '2', '0011')": [-12.522953425633068, -12.648355626825568, -10.0, -10.0], "('NA', '2', '0100')": [-2.220497238837623e-16, -0.9099999999999999, 10.246311199584884, 0],